{
    "2": {
        "start_time": 5163.188169128,
        "end_time": 5171.076988757,
        "duration": 7.888819629000864,
        "num_species": 2
    },
    "4": {
        "start_time": 5171.559133715,
        "end_time": 5180.560680678,
        "duration": 9.001546962999782,
        "num_species": 4
    },
    "8": {
        "start_time": 5181.027843262,
        "end_time": 5192.0205526,
        "duration": 10.992709338000168,
        "num_species": 8
    },
    "16": {
        "start_time": 5192.498512434,
        "end_time": 5210.721188442,
        "duration": 18.222676008000235,
        "num_species": 16
    },
    "32": {
        "start_time": 5211.364597276,
        "end_time": 5259.430207216,
        "duration": 48.065609940000286,
        "num_species": 32
    },
    "64": {
        "start_time": 5259.947429966,
        "end_time": 5478.380398695,
        "duration": 218.4329687290001,
        "num_species": 64
    },
    "128": {
        "start_time": 5478.907213237,
        "end_time": 6810.096173288,
        "duration": 1331.1889600509994,
        "num_species": 128
    }
}